{
    "mle": {
        "accuracy": 0.887,
        "precision": 0.893037336024218,
        "recall": 0.992152466367713,
        "f1": 0.9399893786510887,
        "roc_auc": 0.5800479571499751
    },
    "bayes": {
        "accuracy": 0.853,
        "precision": 0.8966986155484558,
        "recall": 0.9439461883408071,
        "f1": 0.9197160021845986,
        "roc_auc": 0.5801413801694071
    },
    "differences": {
        "accuracy": -0.03400000000000003,
        "precision": 0.0036612795242377816,
        "recall": -0.04820627802690591,
        "f1": -0.02027337646649008,
        "roc_auc": 9.342301943193743e-05
    }
}